config,time,num_utterances,utterances_per_turn
C1,409.687902927 409.687902927,0 0,0.0 0.0
C2,183.766136885,0,0.0
C3,195.943902969 195.943902969,0 0,0.0 0.0
C4,162.784249067 162.784249067,0 0,0.0 0.0
